<?xml version="1.0" encoding="utf-8"?>
<odoo>
    <data>
        <record model="ir.module.category" id="clientes_category">
            <field name="name">clientes</field>
            <field name="description">clientes category</field>
            <field name="sequence">20</field>
        </record>

        <record id="clientes_group" model="res.groups">
            <field name="name">clientes</field>
            <field name="category_id" ref="clientes.clientes_category"/>
        </record>

        <!-- add user admin to clientes_group-->
        <record model="res.users" id="base.user_admin">
            <field eval="[(4,ref('clientes.clientes_group'))]" name="groups_id"/>
        </record>

        
        <!--rules-->
        <!-- rule record example -->
        <!--record model="ir.rule" id="user_programmatic_axis_rule">
             <field name="name">SIG CNA: programmatic_axis</field>
             <field name="model_id" ref="model_cna_programmatic_axis"></field>
             <field name="groups" eval="[(4,ref('cna.sig_cna_usuario_group_id'))]"></field>
             <field name="domain_force">
                [
                    ('id', 'in', [c.id for c in user.programmatic_axis_ids]),
                ]
             </field>
             <field eval="1" name="perm_read"></field>   
             <field eval="0" name="perm_write"></field> 
             <field eval="0" name="perm_unlink"></field>
             <field eval="0" name="perm_create"></field>
        </record-->

        
    </data>
</odoo>