<?xml version="1.0" encoding="UTF-8"?>

<!--     
	Copyright (C) 2018 MuK IT GmbH
	
    This program is free software: you can redistribute it and/or modify
    it under the terms of the GNU Affero General Public License as
    published by the Free Software Foundation, either version 3 of the
    License, or (at your option) any later version.

    This program is distributed in the hope that it will be useful,
    but WITHOUT ANY WARRANTY; without even the implied warranty of
    MERCHANTABILITY or FITNESS FOR A PARTICULAR PURPOSE.  See the
    GNU Affero General Public License for more details.

    You should have received a copy of the GNU Affero General Public License
    along with this program.  If not, see <http://www.gnu.org/licenses/>. 
-->

<templates id="template" xml:space="preserve">

<t t-name="muk_web_utils.FieldColor">
    <span t-if="widget.mode === 'readonly'" class="mk_field_color"/>
    <div t-if="widget.mode !== 'readonly'" class="mk_field_color">
        <input type="text" class="o_input mk_field_color_input"
        	t-att-name="widget.name"
            t-att-tabindex="widget.attrs.tabindex"
        	t-att-autocomplete="widget.attrs.autocomplete"
            t-att-placeholder="widget.attrs.placeholder"
            t-att-autofocus="widget.attrs.autofocus"/>
	    <button class="btn btn-sm btn-outline-primary mk_field_color_button" type="button">
		    <span class="fa fa-paint-brush"></span>
		</button>
    </div>
</t>

</templates>