<?xml version="1.0" encoding="UTF-8"?>

<!--     
	Copyright (C) 2018 MuK IT GmbH
	
    This program is free software: you can redistribute it and/or modify
    it under the terms of the GNU Affero General Public License as
    published by the Free Software Foundation, either version 3 of the
    License, or (at your option) any later version.

    This program is distributed in the hope that it will be useful,
    but WITHOUT ANY WARRANTY; without even the implied warranty of
    MERCHANTABILITY or FITNESS FOR A PARTICULAR PURPOSE.  See the
    GNU Affero General Public License for more details.

    You should have received a copy of the GNU Affero General Public License
    along with this program.  If not, see <http://www.gnu.org/licenses/>. 
-->

<templates id="template" xml:space="preserve">

<t t-name="muk_web_utils.BinaryFieldCopy">
    <div class="d-inline-block mk_copy_binary">
	    <button class="btn btn-sm btn-outline-primary mk_copy_button" type="button">
		    <span class="fa fa-clipboard"></span>
		</button>
	</div>
</t>

</templates>