<?xml version="1.0" encoding="UTF-8"?>

<!--     
	Copyright (C) 2018 MuK IT GmbH
	
    This program is free software: you can redistribute it and/or modify
    it under the terms of the GNU Affero General Public License as
    published by the Free Software Foundation, either version 3 of the
    License, or (at your option) any later version.

    This program is distributed in the hope that it will be useful,
    but WITHOUT ANY WARRANTY; without even the implied warranty of
    MERCHANTABILITY or FITNESS FOR A PARTICULAR PURPOSE.  See the
    GNU Affero General Public License for more details.

    You should have received a copy of the GNU Affero General Public License
    along with this program.  If not, see <http://www.gnu.org/licenses/>. 
-->

<templates id="template" xml:space="preserve">
	
	<t t-name="muk_web_theme.AppsBarMenu">
        <div class="mk_apps_sidebar">
	        <ul class="mk_apps_sidebar_menu">
	            <t t-foreach="widget.getApps()" t-as="app">
		            <li class="nav-item">
		            	<a role="menuitem" class="nav-link" 
		            			t-att-data-menu-id="app.menuID" 
		            			t-att-data-menu-xmlid="app.xmlID" 
		            			t-att-data-action-id="app.actionID">
		                	<img class="mk_apps_sidebar_icon" t-attf-src="data:image/png;base64,#{app.web_icon_data}"/>
					        <span class="mk_apps_sidebar_name">
					            <t t-esc="app.name"/>
					        </span>
		            	 </a>
		            </li>
		    	</t>
	        </ul>
	    </div>
    </t>

</templates>